<?xml version="1.0" encoding="UTF-8"?>
<beans xmlns="http://www.springframework.org/schema/beans"
	xmlns:xsi="http://www.w3.org/2001/XMLSchema-instance"
	xsi:schemaLocation="http://www.springframework.org/schema/beans http://www.springframework.org/schema/beans/spring-beans-3.1.xsd
		http://www.springframework.org/schema/context http://www.springframework.org/schema/context/spring-context-3.1.xsd
		http://www.springframework.org/schema/mvc http://www.springframework.org/schema/mvc/spring-mvc-3.1.xsd
		http://www.springframework.org/schema/util http://www.springframework.org/schema/util/spring-util-3.1.xsd"
	xmlns:c="http://www.springframework.org/schema/c" xmlns:context="http://www.springframework.org/schema/context"
	xmlns:mvc="http://www.springframework.org/schema/mvc" xmlns:p="http://www.springframework.org/schema/p"
	xmlns:util="http://www.springframework.org/schema/util">

	<context:component-scan base-package="org.spring.web.controller" />
	
	<mvc:annotation-driven />

	<bean
		class="org.springframework.web.servlet.view.ContentNegotiatingViewResolver">
		<property name="mediaTypes">
			<map>
				<entry key="xml" value="application/xml" />
				<entry key="html" value="text/html" />
				<entry key="json" value="application/json" />
			</map>
		</property>
		<property name="viewResolvers">
			<list>
				<bean class="org.springframework.web.servlet.view.BeanNameViewResolver" />
				<bean
					class="org.springframework.web.servlet.view.InternalResourceViewResolver">
					<property name="prefix" value="/WEB-INF/jsp/" />
					<property name="suffix" value=".jsp" />
				</bean>
			</list>
		</property>
		<property name="defaultViews">
			<list>
				<bean
					class="org.springframework.web.servlet.view.json.MappingJacksonJsonView" />
			</list>
		</property>
	</bean>

</beans>

